,DATE,T,Po,P,Pa,U
0,2014-01-01,13.6,746.8,765.8,-0.3,97
1,2014-01-02,12.2,746.4,765.5,1.4,88
2,2014-01-03,16.2,743.2,761.9,1.5,91
3,2014-01-04,19.0,737.8,756.2,0.0,81
4,2014-01-05,33.0,733.4,750.9,-0.1,32
5,2014-01-06,26.2,735.2,753.1,2.6,72
6,2014-01-07,30.4,730.9,748.5,-0.3,80
7,2014-01-08,32.2,731.4,748.9,1.5,69
8,2014-01-09,0.0,0.0,751.3,0.0,0
9,2014-01-10,36.4,739.2,756.6,-1.7,30
10,2014-01-11,18.2,741.5,760.1,-0.4,79
11,2014-01-12,26.0,733.2,751.1,0.0,90
12,2014-01-13,8.6,746.0,765.3,0.2,100
13,2014-01-14,13.2,744.1,763.1,0.5,97
14,2014-01-15,11.4,746.0,765.1,1.4,100
15,2014-01-16,12.6,745.6,764.6,0.9,96
16,2014-01-17,12.4,746.6,765.7,0.7,91
17,2014-01-18,10.2,748.8,768.1,0.8,100
18,2014-01-19,16.0,750.8,769.7,0.9,73
19,2014-01-20,21.6,746.3,764.8,-2.0,56
20,2014-01-21,13.4,748.2,767.3,1.6,96
21,2014-01-22,17.0,744.7,763.4,0.0,96
22,2014-01-23,12.6,746.3,765.4,0.3,100
23,2014-01-24,17.6,745.2,763.9,-1.7,75
24,2014-01-25,11.0,745.6,764.8,0.1,100
25,2014-01-26,19.8,744.8,763.4,-2.0,69
26,2014-01-27,20.0,747.0,765.6,0.6,59
27,2014-01-28,23.4,742.9,761.2,-2.5,37
28,2014-01-29,18.2,744.1,762.7,-0.2,79
29,2014-01-30,12.4,745.7,764.8,-0.5,100
30,2014-01-31,14.2,745.7,764.6,0.3,91
31,2014-02-01,14.4,747.7,766.7,0.6,63
32,2014-02-02,22.8,743.0,761.3,-2.6,57
33,2014-02-03,12.6,743.1,762.1,0.0,100
34,2014-02-04,19.6,735.7,754.0,-0.9,78
35,2014-02-05,35.2,735.4,752.8,3.8,25
36,2014-02-06,31.4,735.2,752.8,-0.4,34
37,2014-02-07,29.8,732.1,749.7,-2.2,73
38,2014-02-08,30.4,730.7,748.3,0.0,83
39,2014-02-09,32.0,734.4,752.0,-0.1,62
40,2014-02-10,27.6,739.5,757.4,-0.4,78
41,2014-02-11,30.4,741.6,759.4,-2.1,28
42,2014-02-12,16.2,742.6,761.3,1.5,62
43,2014-02-13,6.6,740.7,760.0,-0.6,100
44,2014-02-14,14.2,738.4,757.2,-0.8,93
45,2014-02-15,11.0,740.5,759.5,2.1,100
46,2014-02-16,13.4,743.6,762.5,1.0,91
47,2014-02-17,10.8,743.9,763.0,-0.3,90
48,2014-02-18,13.8,744.1,763.0,0.9,78
49,2014-02-19,10.0,744.1,763.3,-0.3,92
50,2014-02-20,15.6,742.1,760.9,1.0,94
51,2014-02-21,10.0,741.6,760.7,-0.6,100
52,2014-02-22,16.4,744.8,763.6,1.6,91
53,2014-02-23,13.6,744.7,763.7,-0.8,97
54,2014-02-24,12.8,745.6,764.6,-0.6,96
55,2014-02-25,18.4,744.4,763.0,1.2,79
56,2014-02-26,14.0,742.9,761.8,-1.0,93
57,2014-02-27,18.6,740.7,759.2,0.7,75
58,2014-02-28,14.0,741.1,759.9,-0.3,100
59,2014-03-01,17.2,743.7,762.4,-0.6,65
60,2014-03-02,10.4,742.1,761.2,-0.4,95
61,2014-03-03,21.2,745.1,763.6,0.6,54
62,2014-03-04,23.0,740.4,758.6,0.2,61
63,2014-03-05,30.0,734.6,752.3,-0.3,44
64,2014-03-06,40.2,731.4,748.4,-1.1,21
65,2014-03-07,28.4,732.4,750.1,0.8,75
66,2014-03-08,30.6,728.3,745.8,0.7,74
67,2014-03-09,27.8,733.9,751.7,-0.5,80
68,2014-03-10,28.4,739.7,757.6,1.6,61
69,2014-03-11,16.4,742.2,760.9,-0.5,85
70,2014-03-12,28.4,738.5,756.4,0.0,72
71,2014-03-13,16.0,743.5,762.3,0.4,81
72,2014-03-14,14.6,742.9,761.7,-0.6,87
73,2014-03-15,18.6,744.7,763.3,1.0,84
74,2014-03-16,28.2,745.3,763.3,0.5,40
75,2014-03-17,21.6,742.5,760.9,0.9,69
76,2014-03-18,22.4,742.8,761.1,0.9,71
77,2014-03-19,18.0,741.4,760.0,-0.1,90
78,2014-03-20,21.2,739.6,757.9,0.4,68
79,2014-03-21,17.0,739.0,757.6,-0.1,87
80,2014-03-22,21.2,737.8,756.1,1.6,72
81,2014-03-23,23.2,739.5,757.7,1.5,67
82,2014-03-24,20.6,740.3,758.7,-0.4,89
83,2014-03-25,20.0,741.5,760.0,1.7,85
84,2014-03-26,22.6,740.5,758.8,1.3,71
85,2014-03-27,20.6,741.4,759.8,0.8,80
86,2014-03-28,22.2,740.9,759.2,1.7,76
87,2014-03-30,22.2,739.4,757.7,0.0,65
88,2014-03-31,20.4,738.6,757.0,-0.8,68
89,2014-04-01,11.2,742.7,761.8,0.0,97
90,2014-04-02,18.0,739.4,757.9,0.3,81
91,2014-04-03,13.0,742.9,761.9,-0.3,93
92,2014-04-04,32.0,739.3,757.0,-1.5,30
93,2014-04-05,35.6,735.4,752.8,-0.8,33
94,2014-04-06,31.4,730.2,747.7,0.1,55
95,2014-04-07,31.6,730.2,747.7,-0.1,79
96,2014-04-08,30.6,729.9,747.4,1.3,77
97,2014-04-09,27.4,731.6,749.4,0.3,81
98,2014-04-10,28.4,738.8,756.7,0.2,75
99,2014-04-11,22.4,741.1,759.4,1.4,73
100,2014-04-12,14.4,743.8,762.7,0.7,81
101,2014-04-13,23.2,739.6,757.8,-0.3,73
102,2014-04-14,33.2,738.5,756.1,-1.8,41
103,2014-04-15,26.0,738.8,756.8,0.6,69
104,2014-04-16,24.4,738.3,756.4,-0.5,72
105,2014-04-17,24.8,737.7,755.8,0.7,64
106,2014-04-18,25.0,739.8,757.9,0.2,65
107,2014-04-19,21.8,739.9,758.2,-0.7,79
108,2014-04-20,31.8,738.7,756.4,-1.4,39
109,2014-04-21,21.6,739.1,757.4,-0.4,77
110,2014-04-22,29.6,741.4,759.3,2.1,33
111,2014-04-23,25.4,740.4,758.5,-0.8,48
112,2014-04-24,25.4,737.1,755.1,1.1,59
113,2014-04-25,23.8,736.0,754.1,-1.1,60
114,2014-04-26,28.8,737.7,755.5,0.9,50
115,2014-04-27,27.8,737.9,755.8,0.4,42
116,2014-04-28,25.0,737.5,755.5,-0.4,50
117,2014-04-29,27.4,734.7,752.5,0.1,51
118,2014-04-30,29.2,735.0,752.7,0.5,44
119,2014-05-01,9.0,742.1,761.3,0.3,100
120,2014-05-02,14.8,740.9,759.7,0.4,87
121,2014-05-03,26.0,743.2,761.3,-1.5,41
122,2014-05-04,33.4,737.9,755.5,-0.8,33
123,2014-05-05,30.6,735.0,752.6,0.6,49
124,2014-05-06,37.0,729.0,746.1,0.2,42
125,2014-05-07,30.0,731.3,748.9,0.4,83
126,2014-05-08,28.2,730.1,747.8,-0.3,83
127,2014-05-09,24.8,734.2,752.2,1.3,95
128,2014-05-10,28.0,740.6,758.5,0.8,76
129,2014-05-11,18.2,740.8,759.4,-0.1,87
130,2014-05-12,27.2,743.5,761.6,-2.4,29
131,2014-05-13,26.8,737.5,755.4,0.6,68
132,2014-05-14,25.8,736.4,754.4,0.3,65
133,2014-05-15,28.6,734.4,752.2,-0.1,51
134,2014-05-16,36.6,735.0,752.3,-0.9,27
135,2014-05-17,26.8,735.0,752.9,-0.4,68
136,2014-05-18,23.2,740.6,758.8,3.6,73
137,2014-05-19,37.0,736.6,753.9,-0.7,24
138,2014-05-20,32.6,735.0,752.5,0.4,39
139,2014-05-21,29.8,734.7,752.4,-0.6,42
140,2014-05-22,32.8,731.3,748.7,0.2,42
141,2014-05-23,30.0,734.6,752.3,0.7,51
142,2014-05-24,28.2,736.3,754.1,0.7,74
143,2014-05-25,33.6,737.2,754.7,3.4,37
144,2014-05-26,23.2,737.3,755.5,0.0,81
145,2014-05-27,29.4,735.2,752.9,0.5,68
146,2014-05-28,39.8,732.0,749.1,-1.2,22
147,2014-05-29,28.6,732.4,750.1,-0.4,79
148,2014-05-30,26.2,732.8,750.7,1.9,81
149,2014-05-31,32.4,733.0,750.5,0.7,45
150,2014-06-01,15.2,743.9,762.7,0.1,81
151,2014-06-02,25.4,739.3,757.4,-2.7,49
152,2014-06-03,15.0,745.0,763.9,2.0,87
153,2014-06-04,27.8,737.9,755.8,1.1,66
154,2014-06-05,34.2,735.8,753.3,-1.9,48
155,2014-06-06,36.2,728.6,745.8,0.4,42
156,2014-06-07,32.2,733.2,750.7,1.2,62
157,2014-06-08,33.8,731.3,748.7,0.1,65
158,2014-06-09,29.2,734.1,751.8,1.7,80
159,2014-06-10,26.4,740.1,758.1,-0.5,83
160,2014-06-11,20.4,740.2,758.6,-0.2,81
161,2014-06-12,11.2,743.8,762.9,0.0,90
162,2014-06-13,30.2,730.4,748.0,0.3,61
163,2014-06-14,29.6,730.7,748.3,0.3,63
164,2014-06-15,40.2,729.8,746.8,-1.8,42
165,2014-06-16,32.2,730.1,747.5,-0.3,59
166,2014-06-17,36.6,727.7,744.8,0.6,55
167,2014-06-18,31.2,728.1,745.6,-0.2,80
168,2014-06-19,34.6,727.5,744.7,0.8,59
169,2014-06-20,33.0,726.9,744.2,-0.6,61
170,2014-06-21,38.4,727.1,744.1,-1.0,47
171,2014-06-22,34.2,729.6,746.9,0.2,54
172,2014-06-23,30.4,730.2,747.7,0.9,59
173,2014-06-24,38.8,727.7,744.7,-1.2,40
174,2014-06-25,30.4,728.6,746.1,-1.0,68
175,2014-06-26,37.6,731.8,749.0,-0.8,43
176,2014-06-27,30.4,733.8,751.4,-0.2,80
177,2014-06-28,33.0,731.6,749.0,0.5,62
178,2014-06-29,31.6,730.8,748.3,-0.8,70
179,2014-06-30,35.4,729.3,746.5,-0.9,65
180,2014-07-01,8.2,745.2,764.5,0.0,97
181,2014-07-02,16.8,739.9,758.5,1.4,88
182,2014-07-03,13.6,743.7,762.6,-0.3,88
183,2014-07-04,31.0,740.2,757.9,0.6,44
184,2014-07-05,32.0,734.6,752.2,0.4,58
185,2014-07-06,33.2,728.3,745.6,-0.7,43
186,2014-07-07,33.0,731.2,748.6,0.5,58
187,2014-07-08,29.8,730.9,748.5,1.0,75
188,2014-07-09,28.0,734.8,752.6,0.0,87
189,2014-07-10,29.6,738.4,756.2,0.8,74
190,2014-07-11,19.0,739.7,758.2,-0.5,89
191,2014-07-12,14.4,743.3,762.2,0.0,70
192,2014-07-13,29.6,732.0,749.6,1.1,85
193,2014-07-14,29.2,731.7,749.4,-0.3,83
194,2014-07-15,31.2,730.5,748.0,1.1,71
195,2014-07-16,30.0,731.1,748.7,0.6,75
196,2014-07-17,26.4,729.9,747.7,2.0,100
197,2014-07-18,26.8,728.5,746.2,-1.9,95
198,2014-07-19,29.8,728.7,746.2,0.8,77
199,2014-07-20,31.0,730.0,747.5,1.2,72
200,2014-07-21,29.2,729.9,747.5,-0.8,83
201,2014-07-22,31.6,729.8,747.3,-1.1,76
202,2014-07-23,30.0,729.6,747.2,-0.7,83
203,2014-07-24,29.4,732.8,750.5,1.3,71
204,2014-07-25,28.4,732.4,750.1,-0.4,78
205,2014-07-26,32.4,733.8,751.3,1.2,71
206,2014-07-27,31.2,733.4,751.0,0.0,73
207,2014-07-28,29.6,733.5,751.2,-0.2,81
208,2014-07-29,33.2,731.0,748.4,-0.3,66
209,2014-07-30,31.0,732.5,750.1,0.5,73
210,2014-07-31,30.0,732.3,749.9,-0.2,81
211,2014-08-01,10.4,744.0,763.2,0.2,92
212,2014-08-02,11.0,740.0,759.0,0.2,95
213,2014-08-03,14.0,744.0,762.9,-0.4,93
214,2014-08-04,26.6,739.3,757.3,1.1,43
215,2014-08-05,38.6,733.8,751.0,-1.6,26
216,2014-08-06,29.6,728.3,745.8,0.6,51
217,2014-08-07,33.4,731.7,749.1,1.0,50
218,2014-08-08,28.6,730.6,748.3,-0.1,82
219,2014-08-09,28.2,735.6,753.4,0.0,87
220,2014-08-10,26.4,741.7,759.8,2.7,66
221,2014-08-11,18.8,741.9,760.4,0.3,92
222,2014-08-12,13.6,743.5,762.4,1.0,59
223,2014-08-13,28.2,731.1,748.8,-0.3,78
224,2014-08-14,32.0,730.1,747.5,0.6,57
225,2014-08-15,29.4,732.7,750.4,0.5,68
226,2014-08-16,31.4,734.0,751.6,0.0,62
227,2014-08-17,32.0,734.6,752.2,1.2,60
228,2014-08-18,29.8,736.9,754.6,1.6,73
229,2014-08-19,33.2,734.7,752.2,0.1,56
230,2014-08-20,31.0,736.0,753.7,1.1,62
231,2014-08-21,36.8,732.2,749.4,-1.4,39
232,2014-08-22,37.2,732.9,750.1,-1.2,39
233,2014-08-23,30.6,736.3,754.0,1.2,62
234,2014-08-24,37.6,735.0,752.2,-1.0,35
235,2014-08-25,31.4,735.8,753.4,1.0,64
236,2014-08-26,38.6,733.5,750.7,-1.7,36
237,2014-08-27,31.4,734.4,752.0,0.0,57
238,2014-08-28,27.2,734.1,751.9,-1.4,76
239,2014-08-29,33.2,733.0,750.4,-1.4,62
240,2014-08-30,26.4,732.9,750.7,-0.4,84
241,2014-08-31,26.0,732.0,749.9,-2.1,95
242,2014-09-01,8.4,744.5,763.8,0.9,100
243,2014-09-02,19.0,739.7,758.2,-1.4,42
244,2014-09-03,17.4,744.3,763.0,1.1,86
245,2014-09-04,22.8,740.3,758.6,1.8,56
246,2014-09-05,28.0,734.1,751.9,0.5,52
247,2014-09-06,36.0,729.2,746.4,1.5,36
248,2014-09-07,39.6,729.8,746.8,-1.3,39
249,2014-09-08,29.8,733.5,751.2,1.4,80
250,2014-09-09,29.6,735.2,752.9,1.3,80
251,2014-09-10,25.0,739.4,757.5,-1.0,65
252,2014-09-11,21.2,744.1,762.5,1.1,81
253,2014-09-12,24.6,745.0,763.3,0.4,39
254,2014-09-13,24.8,735.6,753.6,0.0,93
255,2014-09-14,32.4,736.4,754.0,0.1,60
256,2014-09-15,24.6,735.7,753.7,-0.5,85
257,2014-09-16,34.6,733.6,751.0,-2.0,52
258,2014-09-17,33.0,735.0,752.5,-0.1,56
259,2014-09-18,27.8,733.8,751.6,-0.5,84
260,2014-09-19,29.0,735.1,752.8,0.8,79
261,2014-09-20,33.6,735.3,752.8,-0.4,49
262,2014-09-21,28.2,734.5,752.3,-0.8,83
263,2014-09-22,28.8,736.3,754.1,0.6,75
264,2014-09-23,32.8,736.3,753.9,0.0,43
265,2014-09-24,36.0,736.1,753.5,-1.8,38
266,2014-09-25,35.0,737.0,754.4,-2.1,37
267,2014-09-26,26.6,738.0,756.0,-0.4,80
268,2014-09-27,35.0,739.1,756.6,-1.5,36
269,2014-09-28,33.4,740.6,758.2,-0.3,43
270,2014-09-29,27.8,740.8,758.8,1.7,58
271,2014-09-30,30.4,739.6,757.4,1.8,60
272,2014-10-01,6.6,744.1,763.5,0.9,97
273,2014-10-02,19.6,739.9,758.3,-1.9,32
274,2014-10-03,19.4,741.2,759.7,-1.2,65
275,2014-10-04,33.0,739.7,757.3,-1.9,18
276,2014-10-05,26.0,732.2,750.1,-0.5,65
277,2014-10-06,34.2,729.3,746.6,0.6,38
278,2014-10-07,38.6,731.6,748.7,-0.1,36
279,2014-10-08,28.8,732.9,750.6,-0.3,86
280,2014-10-09,29.0,736.2,754.0,2.0,82
281,2014-10-10,31.0,739.6,757.3,-0.5,77
282,2014-10-11,17.6,742.7,761.3,-0.2,77
283,2014-10-12,23.6,743.5,761.8,-2.0,16
284,2014-10-13,23.6,740.8,759.0,1.4,75
285,2014-10-14,27.0,738.7,756.7,-2.4,63
286,2014-10-15,22.6,743.9,762.3,1.7,81
287,2014-10-16,30.0,741.9,759.7,-1.7,36
288,2014-10-17,17.6,742.1,760.7,0.2,88
289,2014-10-18,20.0,741.2,759.6,0.0,83
290,2014-10-19,31.4,741.1,758.8,-1.3,38
291,2014-10-20,21.6,742.5,760.9,0.2,81
292,2014-10-21,33.0,741.9,759.6,-2.2,37
293,2014-10-22,33.8,742.3,759.9,-2.2,39
294,2014-10-23,22.6,741.2,759.5,0.0,83
295,2014-10-24,32.6,739.8,757.4,-2.1,49
296,2014-10-25,31.6,739.7,757.4,-1.9,51
297,2014-10-26,22.0,743.4,761.8,0.1,84
298,2014-10-27,32.2,741.4,759.1,-2.4,37
299,2014-10-28,23.6,741.3,759.5,0.6,78
300,2014-10-29,28.6,742.4,760.3,0.2,60
301,2014-10-30,20.0,754.7,773.5,13.4,81
302,2014-10-31,18.8,741.2,759.7,-13.5,88
303,2014-11-01,10.6,746.9,766.1,0.5,95
304,2014-11-02,19.4,740.9,759.4,-0.1,44
305,2014-11-04,32.6,740.9,758.6,1.1,25
306,2014-11-05,25.0,734.8,752.8,0.7,58
307,2014-11-06,36.6,731.2,748.4,1.0,30
308,2014-11-07,41.0,728.7,745.6,-1.5,31
309,2014-11-08,34.0,731.8,749.2,-2.3,60
310,2014-11-09,25.8,737.0,755.0,0.0,93
311,2014-11-10,23.8,739.4,757.6,1.4,78
312,2014-11-11,17.6,742.6,761.2,1.1,69
313,2014-11-12,12.0,744.0,763.0,1.0,70
314,2014-11-13,13.6,743.2,762.1,0.2,82
315,2014-11-14,16.8,743.2,761.9,0.7,59
316,2014-11-15,12.2,742.5,761.5,0.2,81
317,2014-11-16,24.4,741.7,759.9,-0.5,41
318,2014-11-17,23.6,742.3,760.6,-0.7,47
319,2014-11-18,10.6,743.6,762.7,0.3,85
320,2014-11-19,13.8,743.2,762.1,-0.2,80
321,2014-11-20,13.2,742.5,761.4,0.0,71
322,2014-11-21,15.2,741.8,760.6,1.0,77
323,2014-11-22,16.2,741.7,760.4,1.5,77
324,2014-11-23,10.8,741.8,760.9,-0.4,90
325,2014-11-24,15.2,743.3,762.1,1.3,69
326,2014-11-25,9.6,743.2,762.4,-0.1,85
327,2014-11-26,23.2,738.7,756.9,-0.3,45
328,2014-11-27,24.0,739.7,757.9,0.1,50
329,2014-11-28,12.4,740.3,759.2,0.1,97
330,2014-11-29,18.6,740.5,759.0,0.6,83
331,2014-11-30,14.4,741.4,760.2,0.6,96
332,2014-12-01,8.0,747.8,767.2,1.2,100
333,2014-12-02,8.0,740.7,759.9,-0.5,94
334,2014-12-03,24.0,745.1,763.4,0.9,57
335,2014-12-04,25.2,739.1,757.2,1.5,53
336,2014-12-05,27.4,735.7,753.6,0.4,54
337,2014-12-06,30.4,731.5,749.1,2.5,56
338,2014-12-07,31.4,730.7,748.2,1.0,72
339,2014-12-08,30.0,732.9,750.5,1.5,72
340,2014-12-09,25.8,737.8,755.8,1.2,89
341,2014-12-10,33.6,738.2,755.8,5.4,34
342,2014-12-11,17.2,743.5,762.2,0.3,70
343,2014-12-12,18.4,742.9,761.5,-1.3,54
344,2014-12-13,16.8,742.6,761.3,0.4,86
345,2014-12-14,14.8,744.0,762.9,1.6,91
346,2014-12-15,37.4,727.8,744.9,-16.9,55
347,2014-12-16,14.0,747.2,766.2,0.9,82
348,2014-12-17,10.2,747.4,766.7,1.0,95
349,2014-12-18,15.6,746.2,765.1,-0.5,67
350,2014-12-19,14.4,746.6,765.6,-0.4,78
351,2014-12-20,9.8,746.9,766.2,0.7,90
352,2014-12-21,12.6,743.7,762.7,-0.2,75
353,2014-12-22,13.4,742.9,761.8,0.4,75
354,2014-12-23,7.6,744.8,764.2,1.3,92
355,2014-12-24,12.6,745.7,764.8,-0.1,79
356,2014-12-25,7.0,747.1,766.6,1.6,92
357,2014-12-26,15.0,743.3,762.1,-0.9,68
358,2014-12-27,16.2,744.4,763.2,0.6,51
359,2014-12-28,5.6,746.4,766.0,0.9,97
360,2014-12-29,16.4,742.7,761.4,-0.6,66
361,2014-12-30,5.4,743.5,763.0,1.5,100
362,2014-12-31,16.4,742.8,761.5,-0.8,35
363,2015-01-01,19.2,743.4,762.0,-0.2,65
364,2015-01-02,8.4,745.5,764.8,0.6,95
365,2015-01-03,18.2,738.3,756.8,-0.7,94
366,2015-01-04,30.2,739.4,757.2,-0.1,48
367,2015-01-05,28.4,738.0,755.9,1.2,49
368,2015-01-06,30.6,733.0,750.6,0.4,45
369,2015-01-07,37.4,733.2,750.4,-1.4,49
370,2015-01-08,32.2,734.1,751.6,-0.9,65
371,2015-01-09,32.6,732.6,750.1,0.7,55
372,2015-01-10,25.0,742.1,760.3,1.6,71
373,2015-01-11,18.2,743.9,762.5,0.0,92
374,2015-01-12,22.6,741.4,759.7,-0.8,71
375,2015-01-13,7.4,744.2,763.6,-0.2,97
376,2015-01-14,14.2,744.4,763.3,1.1,76
377,2015-01-15,17.8,744.5,763.2,-1.0,64
378,2015-01-16,9.0,744.6,763.9,-0.4,100
379,2015-01-17,11.0,746.2,765.4,0.7,90
380,2015-01-18,12.2,745.0,764.1,1.0,83
381,2015-01-19,19.0,744.4,763.0,0.3,63
382,2015-01-20,12.0,746.5,765.6,1.4,88
383,2015-01-21,16.4,746.0,764.8,-0.4,66
384,2015-01-22,12.2,747.2,766.3,1.2,93
385,2015-01-23,15.2,745.9,764.8,1.0,89
386,2015-01-24,16.4,746.3,765.1,-1.7,74
387,2015-01-25,10.6,746.5,765.7,-0.2,97
388,2015-01-26,15.8,745.8,764.6,-1.6,85
389,2015-01-27,11.2,746.2,765.4,1.2,95
390,2015-01-28,14.6,744.8,763.7,1.3,78
391,2015-01-29,15.4,745.6,764.5,0.2,67
392,2015-01-30,16.0,747.9,766.8,0.7,50
393,2015-01-31,17.4,745.8,764.5,0.3,39
394,2015-02-01,13.4,744.5,763.5,-0.6,88
395,2015-02-02,11.8,743.9,763.0,0.0,91
396,2015-02-03,16.4,741.7,760.4,2.3,96
397,2015-02-04,28.8,734.0,751.7,0.2,62
398,2015-02-05,28.4,738.0,755.9,0.9,57
399,2015-02-06,27.6,735.1,752.9,0.6,53
400,2015-02-07,35.2,732.3,749.6,0.7,54
401,2015-02-08,31.2,736.3,753.9,0.5,71
402,2015-02-09,36.0,733.4,750.7,-1.0,42
403,2015-02-10,34.8,740.4,757.9,-1.6,32
404,2015-02-11,27.6,742.2,760.2,-0.3,63
405,2015-02-12,14.6,741.7,760.5,-0.4,98
406,2015-02-13,10.6,741.4,760.5,-0.5,95
407,2015-02-14,11.6,739.1,758.0,-0.8,92
408,2015-02-15,18.6,741.6,760.1,1.8,81
409,2015-02-16,21.2,741.6,760.0,1.4,77
410,2015-02-17,17.6,741.9,760.5,1.2,88
411,2015-02-18,21.0,739.7,758.0,1.1,80
412,2015-02-19,26.2,739.6,757.6,-0.4,68
413,2015-02-20,20.2,742.1,760.6,1.8,84
414,2015-02-21,26.0,741.1,759.2,-0.6,57
415,2015-02-22,0.0,0.0,758.8,0.0,0
416,2015-02-23,27.4,741.2,759.2,-0.5,57
417,2015-02-24,26.0,741.9,760.0,0.4,63
418,2015-02-25,21.0,737.7,756.0,-0.3,79
419,2015-02-26,24.6,737.8,755.9,-0.3,25
420,2015-02-27,25.0,739.8,757.9,-0.9,34
421,2015-02-28,13.8,741.7,760.6,-0.4,75
422,2015-03-01,14.6,743.5,762.4,-0.6,96
423,2015-03-02,14.6,748.5,767.5,0.8,91
424,2015-03-03,16.0,740.8,759.5,0.1,85
425,2015-03-04,25.6,735.3,753.3,0.4,79
426,2015-03-05,23.6,736.5,754.6,-0.9,69
427,2015-03-06,31.4,734.9,752.5,-1.0,50
428,2015-03-07,31.8,733.2,750.7,-0.3,59
429,2015-03-08,34.0,734.9,752.4,0.1,32
430,2015-03-09,32.0,736.7,754.3,1.6,59
431,2015-03-10,33.2,739.7,757.3,0.0,50
432,2015-03-11,20.4,742.7,761.2,-0.1,87
433,2015-03-12,14.0,745.0,763.9,0.5,93
434,2015-03-13,22.0,742.9,761.3,1.0,71
435,2015-03-14,23.2,741.6,759.9,-1.1,61
436,2015-03-15,17.4,742.6,761.3,1.4,96
437,2015-03-16,26.0,744.3,762.4,-1.6,0
438,2015-03-17,17.0,745.4,764.1,0.9,90
439,2015-03-18,21.0,741.6,760.0,0.9,75
440,2015-03-19,15.0,741.7,760.5,-0.3,96
441,2015-03-20,22.4,742.9,761.2,0.9,74
442,2015-03-21,29.2,744.4,762.4,-0.1,48
443,2015-03-22,28.6,742.2,760.1,0.0,50
444,2015-03-23,24.2,739.6,757.7,1.2,75
445,2015-03-24,22.8,740.1,758.3,0.4,84
446,2015-03-25,26.4,741.4,759.5,1.8,74
447,2015-03-26,34.6,740.5,758.0,0.0,35
448,2015-03-27,27.4,740.3,758.3,0.0,59
449,2015-03-28,31.8,741.2,758.9,0.0,39
450,2015-03-29,27.0,736.5,754.4,0.0,51
451,2015-03-30,20.6,738.7,757.1,0.0,82
452,2015-03-31,23.6,739.3,757.5,0.0,78
453,2015-04-01,14.2,746.4,765.4,1.4,91
454,2015-04-02,19.6,747.7,766.3,-1.9,64
455,2015-04-03,23.0,740.8,759.1,-2.2,40
456,2015-04-04,25.0,734.8,752.8,-0.5,61
457,2015-04-05,39.2,737.4,754.6,-1.5,22
458,2015-04-06,30.6,735.5,753.2,0.4,62
459,2015-04-07,33.8,730.7,748.1,0.1,66
460,2015-04-08,35.6,730.5,747.8,-1.4,59
461,2015-04-09,35.8,737.7,755.1,-0.8,34
462,2015-04-10,23.2,738.7,756.9,0.0,86
463,2015-04-11,19.4,741.7,760.2,-0.8,92
464,2015-04-12,26.0,741.9,760.0,-1.8,42
465,2015-04-13,22.2,742.4,760.7,0.5,91
466,2015-04-14,29.4,743.3,761.2,0.2,57
467,2015-04-15,25.4,743.3,761.5,2.1,74
468,2015-04-16,22.0,741.5,759.8,-0.1,81
469,2015-04-17,21.2,740.2,758.6,-1.3,84
470,2015-04-18,27.6,734.5,752.3,0.9,63
471,2015-04-19,28.6,735.6,753.4,-0.5,63
472,2015-04-20,39.6,736.9,754.1,-2.0,27
473,2015-04-21,27.0,736.1,754.0,0.3,56
474,2015-04-22,27.0,735.3,753.2,0.3,47
475,2015-04-23,28.2,736.3,754.1,1.5,47
476,2015-04-24,26.6,735.8,753.7,0.5,62
477,2015-04-25,36.6,735.8,753.1,-2.1,38
478,2015-04-26,24.8,740.4,758.5,1.9,67
479,2015-04-27,29.4,735.9,753.6,-0.4,60
480,2015-04-28,31.4,735.7,753.3,1.3,68
481,2015-04-29,36.4,735.8,753.1,-1.9,39
482,2015-04-30,36.4,737.6,755.0,0.3,41
483,2015-05-01,9.8,745.1,764.3,-0.6,92
484,2015-05-02,21.8,745.0,763.4,-2.1,26
485,2015-05-03,13.2,742.5,761.4,-0.4,96
486,2015-05-04,20.6,737.8,756.1,1.8,76
487,2015-05-05,40.4,735.4,752.5,-2.1,16
488,2015-05-06,28.6,734.8,752.6,-0.7,70
489,2015-05-07,37.6,729.3,746.4,-1.2,51
490,2015-05-08,28.6,731.0,748.7,0.5,88
491,2015-05-09,36.4,737.6,755.0,-1.9,37
492,2015-05-10,25.6,741.1,759.2,1.7,78
493,2015-05-11,21.0,739.7,758.0,-1.0,87
494,2015-05-12,23.6,744.6,762.9,0.2,54
495,2015-05-13,29.0,736.3,754.1,-1.5,58
496,2015-05-14,23.2,737.8,756.0,1.3,81
497,2015-05-15,32.2,737.9,755.5,-0.5,39
498,2015-05-16,35.0,736.5,753.9,-0.5,41
499,2015-05-17,31.2,733.4,751.0,1.0,58
500,2015-05-18,42.4,732.3,749.2,-2.1,28
501,2015-05-19,33.6,733.9,751.3,1.0,68
502,2015-05-20,31.6,733.5,751.1,0.2,41
503,2015-05-21,31.0,732.7,750.3,-0.8,47
504,2015-05-22,32.4,732.2,749.7,-0.7,37
505,2015-05-23,41.0,731.0,748.0,-0.7,24
506,2015-05-24,41.0,729.3,746.2,-1.3,28
507,2015-05-25,31.8,730.2,747.7,-1.0,54
508,2015-05-26,44.2,731.5,748.3,-1.3,18
509,2015-05-27,41.0,732.5,749.5,-1.2,14
510,2015-05-28,40.4,731.6,748.6,-1.0,25
511,2015-05-29,30.4,733.7,751.3,1.4,43
512,2015-05-30,39.8,735.0,752.1,-0.8,26
513,2015-05-31,30.0,733.5,751.2,-0.5,55
514,2015-06-01,10.0,742.2,761.3,-0.5,95
515,2015-06-02,8.4,745.0,764.3,-0.4,95
516,2015-06-03,17.4,743.7,762.4,0.1,86
517,2015-06-04,19.0,737.4,755.8,-0.8,96
518,2015-06-05,26.0,734.4,752.3,-0.5,55
519,2015-06-06,30.4,733.3,750.9,0.9,60
520,2015-06-07,25.6,732.3,750.2,1.9,98
521,2015-06-08,29.4,731.3,748.9,0.7,82
522,2015-06-09,31.8,0.0,753.7,0.0,0
523,2015-06-10,27.4,738.4,756.3,1.0,69
524,2015-06-11,20.6,741.9,760.3,0.5,89
525,2015-06-12,22.4,744.8,763.2,0.6,60
526,2015-06-14,29.2,731.6,749.3,0.8,82
527,2015-06-15,34.8,732.4,749.7,-0.8,44
528,2015-06-16,30.4,732.4,750.0,1.1,69
529,2015-06-17,39.2,728.9,745.9,-1.8,39
530,2015-06-18,33.2,732.0,749.4,2.3,56
531,2015-06-19,30.4,730.3,747.8,0.1,64
532,2015-06-20,32.0,730.5,748.0,0.5,66
533,2015-06-21,30.0,730.7,748.3,1.1,70
534,2015-06-22,29.0,730.4,748.0,-0.3,78
535,2015-06-23,37.8,728.7,745.8,-0.6,45
536,2015-06-24,34.0,727.4,744.7,-1.1,62
537,2015-06-25,29.6,727.6,745.1,-0.4,72
538,2015-06-26,35.4,727.5,744.7,-0.6,47
539,2015-06-27,30.0,731.3,748.9,0.9,60
540,2015-06-28,28.4,732.3,750.0,1.2,72
541,2015-06-29,34.6,734.8,752.2,-1.5,56
542,2015-06-30,29.0,735.1,752.8,1.3,75
543,2015-07-01,12.2,742.8,761.8,-0.2,81
544,2015-07-02,14.6,743.2,762.1,0.9,78
545,2015-07-03,17.4,742.0,760.6,1.2,96
546,2015-07-04,24.2,739.5,757.6,0.8,68
547,2015-07-05,35.8,734.8,752.1,1.1,24
548,2015-07-06,42.2,731.7,748.6,-1.6,23
549,2015-07-07,27.4,731.4,749.2,0.9,90
550,2015-07-08,27.4,732.8,750.6,1.3,92
551,2015-07-09,35.6,735.4,752.8,-1.0,40
552,2015-07-10,23.4,739.0,757.2,0.0,88
553,2015-07-11,20.0,743.6,762.1,1.1,91
554,2015-07-12,22.2,742.8,761.2,-0.9,68
555,2015-07-13,25.0,733.4,751.3,0.7,98
556,2015-07-14,30.0,730.2,747.8,0.3,74
557,2015-07-15,29.0,729.0,746.6,-0.9,78
558,2015-07-16,31.2,727.0,744.4,-0.5,64
559,2015-07-17,28.6,729.8,747.4,-0.1,85
560,2015-07-18,28.8,730.7,748.4,1.4,80
561,2015-07-19,29.0,731.1,748.7,0.5,74
562,2015-07-20,30.0,732.0,749.6,0.0,81
563,2015-07-21,31.4,732.4,749.9,1.2,75
564,2015-07-22,31.4,732.4,749.9,1.2,71
565,2015-07-23,30.8,734.3,751.9,1.0,77
566,2015-07-24,32.0,732.6,750.1,1.1,72
567,2015-07-25,34.2,733.0,750.4,-0.1,64
568,2015-07-26,28.6,732.7,750.4,1.1,78
569,2015-07-27,28.6,732.4,750.1,1.3,85
570,2015-07-28,26.0,732.8,750.7,-0.3,84
571,2015-07-29,26.8,732.1,749.9,-0.9,74
572,2015-07-30,29.8,730.7,748.3,-1.0,70
573,2015-07-31,28.2,733.3,751.0,1.2,79
574,2015-08-01,9.4,745.1,764.4,2.0,95
575,2015-08-02,10.4,744.4,763.6,1.1,95
576,2015-08-03,22.8,741.9,760.2,-0.7,66
577,2015-08-04,25.6,740.6,758.7,0.7,59
578,2015-08-05,40.8,733.4,750.4,-0.9,16
579,2015-08-06,41.6,733.0,750.0,0.1,24
580,2015-08-07,30.6,732.1,749.7,0.8,80
581,2015-08-08,30.0,732.5,750.1,-1.1,83
582,2015-08-09,28.0,736.4,754.2,-0.3,70
583,2015-08-10,35.0,736.9,754.3,-2.2,57
584,2015-08-11,20.0,745.0,763.5,1.2,83
585,2015-08-12,21.6,741.7,760.1,-0.4,65
586,2015-08-13,35.0,732.7,750.0,-0.3,60
587,2015-08-14,33.0,732.5,749.9,-1.2,68
588,2015-08-15,27.0,734.2,752.0,-0.1,94
589,2015-08-16,27.4,735.8,753.7,1.5,89
590,2015-08-17,32.0,733.4,750.9,1.4,76
591,2015-08-18,29.4,734.5,752.2,0.9,85
592,2015-08-19,30.4,734.1,751.7,0.0,73
593,2015-08-20,31.0,733.4,751.0,0.8,64
594,2015-08-21,32.8,734.8,752.3,-0.1,63
595,2015-08-22,33.0,732.7,750.2,-1.3,61
596,2015-08-23,31.6,0.0,0.0,0.0,74
597,2015-08-24,28.0,734.1,751.9,0.0,80
598,2015-08-25,35.0,731.8,749.1,-0.7,53
599,2015-08-26,34.6,731.9,749.2,-1.1,59
600,2015-08-27,30.0,735.1,752.8,1.4,72
601,2015-08-28,36.4,734.0,751.3,-1.7,51
602,2015-08-29,31.6,733.8,751.4,1.3,72
603,2015-08-30,33.0,732.6,750.1,1.0,61
604,2015-08-31,29.8,735.1,752.8,0.9,67
605,2015-09-01,15.6,745.2,764.0,-1.8,63
606,2015-09-02,22.0,747.2,765.7,0.4,46
607,2015-09-03,22.0,746.3,764.8,-0.6,46
608,2015-09-04,19.8,739.6,758.0,0.0,83
609,2015-09-05,38.6,735.1,752.3,-0.2,31
610,2015-09-06,36.0,732.2,749.5,0.8,38
611,2015-09-07,27.0,733.2,751.0,1.6,92
612,2015-09-08,27.4,732.4,750.2,-0.3,90
613,2015-09-09,36.2,736.2,753.6,-1.5,35
614,2015-09-10,26.2,737.0,755.0,0.6,63
615,2015-09-11,29.4,741.8,759.7,-2.9,50
616,2015-09-12,21.6,744.3,762.7,0.2,67
617,2015-09-13,35.2,738.4,755.9,-0.3,54
618,2015-09-14,29.6,735.0,752.7,0.5,71
619,2015-09-15,33.4,734.7,752.2,1.0,61
620,2015-09-16,29.2,735.1,752.8,0.1,78
621,2015-09-17,31.8,735.6,753.2,1.4,65
622,2015-09-18,29.0,735.9,753.7,0.3,72
623,2015-09-19,27.2,736.0,753.9,-0.3,100
624,2015-09-20,29.2,734.4,752.1,-0.6,82
625,2015-09-21,32.6,735.6,753.1,-0.1,62
626,2015-09-22,27.8,733.5,751.3,-0.9,81
627,2015-09-23,26.0,736.4,754.4,0.8,79
628,2015-09-24,31.2,736.1,753.7,-0.9,49
629,2015-09-25,28.0,734.8,752.6,0.4,63
630,2015-09-26,27.4,736.8,754.7,0.8,77
631,2015-09-28,26.0,739.6,757.6,1.7,76
632,2015-09-29,25.0,740.7,758.8,1.9,80
633,2015-09-30,35.0,740.1,757.6,-1.9,32
634,2015-10-01,16.2,744.2,763.0,0.2,56
635,2015-10-02,11.2,746.5,765.7,0.2,97
636,2015-10-03,23.6,744.6,762.9,-1.1,55
637,2015-10-04,20.6,738.9,757.3,-0.4,85
638,2015-10-05,42.2,732.9,749.8,-1.7,18
639,2015-10-06,35.0,733.7,751.1,2.3,45
640,2015-10-07,28.4,729.9,747.6,-1.6,88
641,2015-10-08,33.8,730.9,748.3,-0.8,66
642,2015-10-09,37.2,737.1,754.4,-1.2,34
643,2015-10-10,21.2,735.8,754.0,0.7,86
644,2015-10-11,19.6,743.3,761.8,1.6,85
645,2015-10-12,22.8,742.1,760.4,-0.9,65
646,2015-10-13,28.0,741.0,758.9,0.0,73
647,2015-10-14,34.6,740.5,758.0,-2.4,57
648,2015-10-15,32.2,740.8,758.5,-0.2,62
649,2015-10-16,35.2,741.9,759.4,-1.6,22
650,2015-10-17,34.2,740.0,757.6,-2.5,51
651,2015-10-18,23.8,743.2,761.5,1.5,86
652,2015-10-19,32.8,742.5,760.2,-0.2,57
653,2015-10-20,34.0,740.3,757.9,-0.1,47
654,2015-10-21,23.8,741.4,759.6,1.9,78
655,2015-10-22,22.8,742.3,760.6,1.8,73
656,2015-10-23,32.4,740.4,758.1,-1.8,37
657,2015-10-24,31.0,739.5,757.2,-0.9,48
658,2015-10-25,31.2,742.8,760.6,0.0,39
659,2015-10-26,22.0,745.2,763.6,1.5,64
660,2015-10-27,20.6,742.7,761.2,-0.1,85
661,2015-10-28,19.8,741.5,760.0,-0.8,78
662,2015-10-29,26.2,743.2,761.3,0.2,59
663,2015-10-30,27.6,743.0,761.0,-0.4,54
664,2015-10-31,21.8,743.6,762.0,0.9,79
665,2015-11-01,14.4,744.7,763.6,0.5,74
666,2015-11-02,21.0,745.5,764.0,0.4,46
667,2015-11-03,24.0,744.1,762.4,-0.9,54
668,2015-11-04,28.0,737.6,755.5,1.0,51
669,2015-11-05,31.0,736.0,753.7,0.3,45
670,2015-11-06,40.4,730.7,747.7,-1.7,32
671,2015-11-07,26.4,731.3,749.1,-0.3,98
672,2015-11-08,28.8,0.0,0.0,0.0,92
673,2015-11-09,29.0,738.9,756.7,1.3,36
674,2015-11-10,22.8,736.6,754.8,-0.2,83
675,2015-11-11,18.0,741.9,760.5,0.2,86
676,2015-11-12,13.8,740.9,759.7,0.6,96
677,2015-11-13,17.4,742.7,761.4,-0.8,86
678,2015-11-14,19.0,742.7,761.3,-0.6,81
679,2015-11-15,21.2,740.4,758.8,0.8,75
680,2015-11-16,18.4,740.3,758.8,-0.7,86
681,2015-11-17,17.0,741.8,760.5,1.3,67
682,2015-11-18,17.6,744.2,762.9,1.2,75
683,2015-11-19,14.0,744.4,763.3,-0.2,87
684,2015-11-20,12.4,743.7,762.7,-0.1,91
685,2015-11-21,12.8,742.8,761.8,0.2,91
686,2015-11-22,13.8,742.3,761.2,-0.7,96
687,2015-11-23,17.2,743.1,761.8,1.0,82
688,2015-11-24,17.2,743.4,762.1,1.2,76
689,2015-11-25,17.6,742.5,761.1,0.8,75
690,2015-11-26,24.4,743.0,761.2,0.1,45
691,2015-11-27,15.4,740.2,758.9,0.8,59
692,2015-11-28,14.4,741.1,759.9,0.5,96
693,2015-11-29,24.2,743.8,762.0,-2.3,60
694,2015-11-30,14.8,745.0,763.9,-0.2,98
695,2015-12-01,15.6,744.5,763.3,-2.6,63
696,2015-12-02,16.0,742.7,761.4,0.8,79
697,2015-12-03,13.2,744.5,763.5,-0.8,96
698,2015-12-04,23.2,739.7,757.9,0.4,70
699,2015-12-05,33.2,735.0,752.5,0.7,54
700,2015-12-06,32.2,732.5,750.0,0.0,55
701,2015-12-07,25.4,733.7,751.6,1.5,96
702,2015-12-08,26.4,734.9,752.8,-0.6,92
703,2015-12-09,27.4,736.4,754.3,-0.7,80
704,2015-12-10,25.4,741.0,759.1,1.2,61
705,2015-12-11,17.6,742.2,760.8,-0.3,82
706,2015-12-13,10.8,741.8,760.9,-0.1,97
707,2015-12-14,11.8,743.8,762.9,0.9,74
708,2015-12-15,8.8,743.1,762.3,-0.7,87
709,2015-12-16,6.8,744.7,764.1,1.4,92
710,2015-12-17,9.6,744.4,763.6,0.5,92
711,2015-12-18,21.0,744.3,762.8,-2.1,49
712,2015-12-19,17.8,746.4,765.1,0.3,53
713,2015-12-20,17.0,746.6,765.4,0.2,54
714,2015-12-21,17.8,744.2,762.9,0.0,65
715,2015-12-22,11.0,747.1,766.3,1.5,92
716,2015-12-23,11.0,746.6,765.8,0.4,95
717,2015-12-24,7.8,747.5,766.9,0.3,83
718,2015-12-25,6.4,746.7,766.2,-0.5,94
719,2015-12-26,12.2,747.2,766.3,1.8,79
720,2015-12-27,8.2,747.0,766.4,-0.3,92
721,2015-12-28,21.6,746.3,764.8,-0.5,56
722,2015-12-29,11.6,745.4,764.5,-0.8,85
723,2015-12-30,13.2,744.7,763.7,1.7,88
724,2015-12-31,9.6,744.7,763.9,-0.3,97
725,2016-01-01,11.0,748.0,767.2,0.0,92
726,2016-01-02,11.0,744.0,763.1,-0.3,95
727,2016-01-03,16.8,745.1,763.9,2.0,94
728,2016-01-04,23.8,736.3,754.4,-0.9,64
729,2016-01-05,22.4,734.5,752.6,0.2,55
730,2016-01-06,38.8,732.6,749.7,-1.3,41
731,2016-01-07,31.0,730.2,747.7,1.1,78
732,2016-01-08,26.6,730.8,748.6,0.6,94
733,2016-01-09,29.0,732.9,750.6,1.1,88
734,2016-01-10,32.0,737.5,755.1,1.7,67
735,2016-01-11,18.0,745.0,763.7,1.2,86
736,2016-01-12,15.2,744.3,763.1,0.3,96
737,2016-01-13,14.2,741.2,760.0,-0.3,96
738,2016-01-14,16.8,742.5,761.2,-0.3,79
739,2016-01-15,10.4,742.7,761.8,-0.1,100
740,2016-01-16,13.0,742.2,761.1,1.2,91
741,2016-01-17,11.0,742.6,761.7,0.2,92
742,2016-01-18,17.0,740.9,759.5,-0.6,72
743,2016-01-19,12.6,743.6,762.6,1.3,88
744,2016-01-20,13.8,744.4,763.3,-0.1,80
745,2016-01-21,8.8,745.2,764.5,-0.4,95
746,2016-01-22,11.4,746.0,765.1,1.2,95
747,2016-01-23,17.0,746.9,765.7,0.3,64
748,2016-01-24,10.0,745.6,764.8,1.1,97
749,2016-01-25,8.2,743.5,762.8,0.2,95
750,2016-01-26,10.0,742.8,762.0,0.0,97
751,2016-01-27,16.2,742.2,760.9,1.4,87
752,2016-01-28,10.0,742.4,761.5,-0.1,100
753,2016-01-29,17.0,743.8,762.5,1.0,90
754,2016-01-30,18.4,742.3,760.9,1.4,92
755,2016-01-31,16.4,743.4,762.1,1.3,96
756,2016-02-01,9.0,748.3,767.7,1.0,97
757,2016-02-02,10.6,745.5,764.7,0.3,78
758,2016-02-03,19.6,743.3,761.8,0.6,81
759,2016-02-04,35.4,739.2,756.7,-0.1,29
760,2016-02-05,25.2,732.8,750.7,-0.3,54
761,2016-02-06,31.4,733.5,751.1,0.8,58
762,2016-02-07,26.0,728.8,746.6,-1.1,95
763,2016-02-08,32.2,729.7,747.1,-1.4,76
764,2016-02-09,33.4,732.4,749.8,-1.2,62
765,2016-02-10,34.4,740.2,757.8,0.1,58
766,2016-02-11,27.0,742.6,760.6,-0.4,60
767,2016-02-12,16.4,744.7,763.5,0.9,94
768,2016-02-13,16.0,743.4,762.2,1.3,75
769,2016-02-14,12.0,744.5,763.6,1.2,88
770,2016-02-15,22.8,744.9,763.3,-1.6,42
771,2016-02-16,13.8,746.9,765.9,0.0,80
772,2016-02-17,19.0,747.5,766.2,0.5,53
773,2016-02-18,23.0,744.2,762.5,-2.1,68
774,2016-02-19,21.8,742.4,760.8,-0.2,84
775,2016-02-20,20.8,742.2,760.6,-0.2,95
776,2016-02-21,18.4,742.3,760.9,-0.9,96
777,2016-02-22,23.0,743.6,761.9,1.1,47
778,2016-02-23,15.8,742.3,761.0,1.4,65
779,2016-02-24,15.8,741.9,760.6,1.2,85
780,2016-02-25,17.0,744.0,762.7,0.8,84
781,2016-02-26,14.2,744.4,763.3,0.4,91
782,2016-02-27,28.4,743.8,761.8,-1.2,44
783,2016-02-28,15.4,747.0,765.9,1.9,96
784,2016-02-29,26.0,747.4,765.6,-0.1,54
785,2016-03-01,10.4,746.3,765.5,1.0,97
786,2016-03-02,8.4,744.2,763.5,-0.7,92
787,2016-03-03,18.4,743.2,761.8,-0.1,84
788,2016-03-04,25.4,737.5,755.5,-0.3,73
789,2016-03-05,31.6,735.3,752.9,0.6,50
790,2016-03-06,32.0,732.9,750.4,-0.3,60
791,2016-03-07,27.8,730.6,748.3,-0.6,87
792,2016-03-08,32.4,730.6,748.0,1.0,71
793,2016-03-09,34.0,732.1,749.5,-1.6,51
794,2016-03-10,34.2,738.4,755.9,-0.6,59
795,2016-03-11,17.0,745.2,763.9,1.6,98
796,2016-03-12,13.0,746.4,765.4,0.5,88
797,2016-03-13,17.4,738.4,756.9,-0.3,92
798,2016-03-14,19.4,740.7,759.2,0.9,85
799,2016-03-15,20.6,742.4,760.8,0.2,80
800,2016-03-16,27.0,740.0,758.0,-1.2,42
801,2016-03-17,18.0,738.9,757.4,-1.4,84
802,2016-03-18,22.0,738.5,756.8,0.3,81
803,2016-03-19,21.0,737.8,756.1,-0.7,84
804,2016-03-20,19.4,737.9,756.3,0.0,96
805,2016-03-21,22.0,739.6,757.9,-0.2,57
806,2016-03-22,20.8,738.6,756.9,-1.0,58
807,2016-03-23,19.8,740.3,758.7,1.0,74
808,2016-03-24,21.0,742.6,761.0,2.3,71
809,2016-03-25,20.8,741.5,759.9,-0.2,82
810,2016-03-26,24.6,740.8,759.0,0.6,71
811,2016-03-27,31.2,739.6,757.3,-0.8,43
812,2016-03-28,22.6,740.8,759.1,0.1,64
813,2016-03-29,31.8,739.4,757.1,-2.0,35
814,2016-03-30,31.4,741.7,759.5,0.5,41
815,2016-04-01,20.0,744.4,762.9,0.0,71
816,2016-04-02,10.2,744.9,764.1,1.3,75
817,2016-04-03,19.4,740.9,759.4,0.2,81
818,2016-04-04,28.4,737.1,754.9,0.8,52
819,2016-04-05,28.0,734.3,752.1,-1.0,60
820,2016-04-06,35.0,734.6,752.0,1.3,53
821,2016-04-07,25.8,730.5,748.3,-0.4,100
822,2016-04-08,31.2,731.9,749.4,0.5,73
823,2016-04-09,29.6,735.1,752.8,0.8,67
824,2016-04-10,25.4,736.3,754.3,2.1,88
825,2016-04-11,19.2,740.3,758.8,0.1,91
826,2016-04-12,21.6,744.9,763.3,-0.5,53
827,2016-04-13,26.6,735.5,753.4,-1.0,49
828,2016-04-14,37.8,734.4,751.6,-0.4,18
829,2016-04-15,38.8,734.2,751.4,-0.9,19
830,2016-04-16,32.8,733.3,750.8,0.0,39
831,2016-04-17,30.8,732.8,750.4,-0.6,35
832,2016-04-18,29.6,734.1,751.8,-0.7,43
833,2016-04-19,30.0,737.5,755.2,2.2,53
834,2016-04-20,29.0,736.2,754.0,-0.8,33
835,2016-04-21,36.6,736.3,753.6,0.0,26
836,2016-04-22,27.0,733.4,751.2,-0.7,53
837,2016-04-23,27.0,732.9,750.7,-0.2,43
838,2016-04-24,29.0,734.3,752.0,1.1,31
839,2016-04-25,21.0,734.5,752.7,0.2,49
840,2016-04-26,28.0,737.0,754.9,-0.1,47
841,2016-04-27,28.2,737.4,755.2,0.9,45
842,2016-04-28,25.4,736.3,754.3,-0.3,60
843,2016-04-29,22.8,735.6,753.7,-0.4,54
844,2016-04-30,30.4,734.8,752.5,0.7,39
845,2016-05-01,11.8,745.6,764.7,1.0,97
846,2016-05-02,20.4,745.1,763.6,0.3,45
847,2016-05-03,26.0,742.2,760.3,-0.3,52
848,2016-05-04,31.2,736.6,754.3,0.6,28
849,2016-05-05,24.6,736.3,754.3,0.0,64
850,2016-05-06,33.6,734.6,752.1,1.5,59
851,2016-05-07,30.8,730.3,747.8,1.1,80
852,2016-05-08,29.4,731.6,749.2,0.2,82
853,2016-05-09,27.8,735.0,752.8,-0.1,72
854,2016-05-10,29.8,735.7,753.4,1.7,72
855,2016-05-11,26.0,738.1,756.1,-0.3,63
856,2016-05-12,22.8,745.4,763.8,0.0,43
857,2016-05-13,39.4,734.3,751.4,-0.1,27
858,2016-05-14,41.2,733.4,750.4,-0.9,27
859,2016-05-15,31.8,734.1,751.7,0.2,51
860,2016-05-16,42.2,731.0,747.9,-1.1,18
861,2016-05-17,30.6,730.5,748.0,0.3,47
862,2016-05-18,28.0,730.3,748.0,-0.2,55
863,2016-05-19,34.6,730.7,748.0,1.0,51
864,2016-05-20,40.8,727.5,744.4,-1.7,39
865,2016-05-21,32.8,729.2,746.6,0.5,57
866,2016-05-22,42.2,728.9,745.8,-2.2,37
867,2016-05-23,30.2,729.2,746.7,-2.7,37
868,2016-05-24,32.6,731.2,748.6,0.8,54
869,2016-05-25,36.8,730.7,747.9,-1.4,41
870,2016-05-26,34.8,730.6,747.9,0.5,49
871,2016-05-27,34.4,731.6,748.9,0.2,41
872,2016-05-28,40.6,729.4,746.4,0.0,28
873,2016-05-29,28.0,732.1,749.8,-1.5,65
874,2016-05-30,25.2,731.0,748.9,-1.1,85
875,2016-05-31,37.0,733.9,751.2,-0.9,45
876,2016-06-01,24.4,742.7,760.9,-1.9,62
877,2016-06-03,16.2,740.5,759.2,-0.6,96
878,2016-06-04,36.2,736.7,754.1,-2.0,25
879,2016-06-05,25.8,736.9,754.9,0.8,56
880,2016-06-06,33.4,732.7,750.1,-1.9,51
881,2016-06-07,30.4,728.4,745.9,-0.4,84
882,2016-06-08,29.6,732.2,749.8,0.1,90
883,2016-06-09,33.6,734.2,751.7,-1.1,53
884,2016-06-10,26.8,736.3,754.2,0.2,86
885,2016-06-11,16.8,739.0,757.6,-0.2,94
886,2016-06-12,10.8,744.5,763.6,0.0,92
887,2016-06-13,31.0,731.8,749.3,3.4,56
888,2016-06-14,27.0,731.9,749.7,0.8,74
889,2016-06-15,31.8,729.1,746.5,1.2,63
890,2016-06-16,29.8,730.6,748.2,1.8,75
891,2016-06-17,32.4,730.9,748.3,1.2,53
892,2016-06-18,31.0,732.5,750.1,0.7,72
893,2016-06-19,34.6,732.6,750.0,0.6,60
894,2016-06-20,28.4,731.7,749.4,0.4,89
895,2016-06-21,27.8,732.1,749.8,-0.2,84
896,2016-06-22,31.4,732.7,750.2,0.5,71
897,2016-06-23,29.0,733.7,751.4,0.7,79
898,2016-06-24,36.4,729.8,747.0,0.3,58
899,2016-06-25,32.6,731.8,749.3,0.6,72
900,2016-06-26,35.4,730.4,747.7,-1.7,53
901,2016-06-27,31.2,732.2,749.7,0.1,79
902,2016-06-28,31.0,733.7,751.3,1.7,76
903,2016-06-29,33.6,732.4,749.8,1.5,71
904,2016-06-30,37.8,732.0,749.2,-0.5,48
905,2016-07-01,15.4,745.2,764.0,0.7,98
906,2016-07-02,19.6,742.3,760.8,-0.2,69
907,2016-07-03,27.6,742.4,760.4,0.1,57
908,2016-07-04,35.0,736.9,754.3,-1.5,29
909,2016-07-05,29.6,737.3,755.1,1.3,49
910,2016-07-06,36.4,731.8,749.0,-2.2,38
911,2016-07-07,36.8,730.5,747.7,-1.1,56
912,2016-07-08,27.6,732.0,749.8,-0.9,86
913,2016-07-09,27.4,736.0,753.9,1.1,74
914,2016-07-10,34.4,736.1,753.6,-2.2,44
915,2016-07-11,20.8,741.2,759.6,-0.2,62
916,2016-07-12,15.4,743.9,762.7,0.0,89
917,2016-07-13,34.2,731.5,748.9,-0.5,63
918,2016-07-14,35.0,729.6,746.9,-1.6,58
919,2016-07-15,32.4,731.4,748.9,-0.7,73
920,2016-07-16,28.0,731.6,749.3,-0.9,92
921,2016-07-17,27.4,733.2,751.0,0.7,92
922,2016-07-18,28.0,731.5,749.2,-0.2,97
923,2016-07-19,33.4,732.9,750.3,-0.2,66
924,2016-07-20,34.6,732.7,750.1,-0.2,55
925,2016-07-21,37.2,731.7,748.9,-1.1,51
926,2016-07-22,34.6,732.4,749.8,0.4,51
927,2016-07-23,34.0,733.3,750.7,-0.5,64
928,2016-07-24,33.2,735.0,752.5,-0.4,68
929,2016-07-25,32.4,733.4,750.9,-0.7,71
930,2016-07-26,33.6,735.0,752.5,0.3,73
931,2016-07-27,29.2,736.2,754.0,0.1,92
932,2016-07-28,33.0,733.2,750.7,-1.7,67
933,2016-07-29,28.4,733.7,751.4,0.4,91
934,2016-07-30,26.8,732.0,749.8,-0.2,95
935,2016-07-31,30.6,731.0,748.6,-0.9,76
936,2016-08-01,13.8,743.4,762.3,-0.3,91
937,2016-08-02,13.6,743.8,762.7,-0.2,88
938,2016-08-03,28.0,740.0,757.9,-2.0,51
939,2016-08-04,24.0,738.9,757.0,-0.3,57
940,2016-08-05,31.0,736.2,753.9,0.4,51
941,2016-08-06,35.6,731.0,748.3,1.4,55
942,2016-08-07,29.2,730.4,748.0,0.0,83
943,2016-08-08,35.6,729.8,747.0,-1.5,57
944,2016-08-09,27.4,735.4,753.2,0.7,69
945,2016-08-10,33.4,735.2,752.7,-0.6,45
946,2016-08-11,17.8,740.3,758.9,0.0,77
947,2016-08-12,10.0,743.2,762.4,0.0,95
948,2016-08-13,27.2,732.9,750.7,-0.6,98
949,2016-08-14,30.2,731.3,748.9,-2.0,80
950,2016-08-15,34.4,731.0,748.3,-1.0,59
951,2016-08-16,30.6,730.6,748.1,0.4,73
952,2016-08-17,28.6,729.9,747.5,-0.7,83
953,2016-08-18,28.4,732.4,750.1,1.0,86
954,2016-08-19,27.6,731.2,748.9,-0.8,90
955,2016-08-20,35.6,731.3,748.6,-1.4,61
956,2016-08-21,29.4,733.8,751.5,1.3,79
957,2016-08-22,27.0,733.3,751.1,0.1,87
958,2016-08-23,29.2,733.9,751.6,-0.6,83
959,2016-08-24,29.0,733.8,751.5,-0.2,79
960,2016-08-25,27.8,734.8,752.6,0.1,90
961,2016-08-26,27.4,735.4,753.2,0.1,95
962,2016-08-27,35.0,735.5,752.9,-2.4,60
963,2016-08-28,28.4,736.7,754.5,7.5,86
964,2016-08-29,29.2,735.4,753.1,-0.8,86
965,2016-08-30,25.6,734.3,752.2,-0.3,97
966,2016-08-31,24.6,735.1,753.1,1.3,98
967,2016-09-01,12.2,742.8,761.8,-0.6,93
968,2016-09-02,13.0,741.9,760.8,0.0,88
969,2016-09-03,19.2,740.7,759.2,0.8,83
970,2016-09-04,0.0,0.0,755.6,0.0,0
971,2016-09-05,28.4,736.5,754.3,0.4,62
972,2016-09-06,32.6,731.2,748.6,0.0,54
973,2016-09-07,30.4,730.4,748.0,1.5,76
974,2016-09-08,33.8,730.0,747.3,-1.5,65
975,2016-09-09,35.4,736.4,753.8,-1.1,48
976,2016-09-10,33.4,737.5,755.0,-0.2,48
977,2016-09-11,15.6,742.4,761.2,0.0,81
978,2016-09-12,22.6,740.1,758.4,-0.4,69
979,2016-09-13,27.6,736.4,754.3,-0.9,87
980,2016-09-14,33.0,738.5,756.1,-0.2,62
981,2016-09-15,28.4,736.1,753.9,0.7,78
982,2016-09-16,26.6,735.8,753.7,-0.3,87
983,2016-09-17,29.4,735.7,753.4,1.1,79
984,2016-09-18,35.6,735.1,752.5,-1.8,44
985,2016-09-19,28.4,734.7,752.5,0.7,78
986,2016-09-20,37.2,733.4,750.6,-1.9,42
987,2016-09-21,28.0,735.1,752.9,0.1,82
988,2016-09-22,32.0,737.9,755.5,-1.8,63
989,2016-09-23,26.6,737.1,755.0,-0.3,84
990,2016-09-24,27.6,735.1,752.9,0.1,83
991,2016-09-25,34.0,734.8,752.2,-1.6,47
992,2016-09-26,29.2,736.8,754.6,0.5,74
993,2016-09-28,29.0,735.9,753.7,0.4,74
994,2016-09-29,28.8,735.6,753.4,-0.3,75
995,2016-09-30,29.4,736.2,754.0,0.4,78
996,2016-10-01,12.6,745.6,764.6,0.7,93
997,2016-10-02,17.6,739.6,758.2,0.4,73
998,2016-10-03,18.8,742.6,761.2,1.9,84
999,2016-10-04,29.2,737.9,755.7,0.7,45
1000,2016-10-05,36.6,734.9,752.2,-1.7,37
1001,2016-10-06,35.6,731.2,748.5,1.3,44
1002,2016-10-07,35.2,728.4,745.6,-1.0,61
1003,2016-10-08,30.0,731.9,749.5,1.0,83
1004,2016-10-09,30.6,734.9,752.5,0.7,70
1005,2016-10-10,25.2,735.6,753.6,-0.3,82
1006,2016-10-11,18.6,741.5,760.0,0.5,77
1007,2016-10-12,12.8,741.3,760.2,0.1,96
1008,2016-10-13,24.4,738.0,756.1,1.1,71
1009,2016-10-14,24.8,739.0,757.1,1.3,74
1010,2016-10-15,18.8,739.1,757.6,0.3,84
1011,2016-10-16,24.4,740.2,758.3,0.6,68
1012,2016-10-17,20.2,739.4,757.8,-0.1,78
1013,2016-10-18,31.0,737.5,755.2,-0.6,45
1014,2016-10-19,22.4,739.3,757.6,1.7,66
1015,2016-10-20,34.0,736.2,753.7,-2.2,37
1016,2016-10-21,24.8,738.9,757.0,1.5,54
1017,2016-10-22,31.6,737.6,755.3,-1.7,45
1018,2016-10-23,23.0,739.9,758.1,1.4,67
1019,2016-10-24,31.6,736.7,754.3,-0.5,45
1020,2016-10-25,29.6,737.2,755.0,-0.3,50
1021,2016-10-26,22.2,740.8,759.1,1.8,74
1022,2016-10-27,29.2,741.5,759.4,-0.5,53
1023,2016-10-28,31.8,739.9,757.6,-2.0,41
1024,2016-10-29,29.2,740.3,758.2,-0.2,56
1025,2016-10-30,30.4,741.9,759.7,-1.2,55
1026,2016-10-31,17.4,744.0,762.7,0.3,96
1027,2016-11-01,11.6,744.1,763.2,-0.2,95
1028,2016-11-02,12.8,738.4,757.2,0.0,88
1029,2016-11-03,32.4,740.5,758.2,-1.9,39
1030,2016-11-04,33.6,737.7,755.2,-0.5,32
1031,2016-11-05,33.4,738.0,755.6,-0.5,44
1032,2016-11-06,26.0,731.1,748.9,-0.1,92
1033,2016-11-07,29.8,729.3,746.9,-0.2,82
1034,2016-11-08,31.0,732.3,749.9,-1.3,78
1035,2016-11-09,28.0,736.4,754.2,0.8,67
1036,2016-11-10,31.6,735.5,753.1,-0.6,40
1037,2016-11-11,13.2,740.8,759.7,-0.4,89
1038,2016-11-12,14.8,741.9,760.7,0.5,93
1039,2016-11-13,29.8,743.3,761.2,-1.6,34
1040,2016-11-14,17.0,744.2,762.9,0.8,80
1041,2016-11-15,23.8,742.7,760.9,-0.2,54
1042,2016-11-16,13.8,745.5,764.5,1.5,80
1043,2016-11-17,22.8,743.0,761.3,-0.3,54
1044,2016-11-18,15.2,744.2,763.0,1.0,75
1045,2016-11-19,24.6,739.5,757.6,-0.4,58
1046,2016-11-20,14.0,742.6,761.5,1.2,89
1047,2016-11-21,17.4,741.1,759.7,1.0,80
1048,2016-11-22,16.0,742.5,761.2,1.7,63
1049,2016-11-23,25.6,740.8,758.9,0.2,44
1050,2016-11-24,13.4,743.7,762.6,1.8,88
1051,2016-11-25,26.4,739.8,757.8,-0.3,27
1052,2016-11-26,19.8,741.7,760.2,1.5,43
1053,2016-11-27,25.4,740.4,758.5,-0.9,29
1054,2016-11-28,16.8,742.0,760.7,2.2,50
1055,2016-11-29,23.0,742.1,760.4,0.1,61
1056,2016-11-30,25.8,743.4,761.5,-2.1,60
1057,2016-12-01,9.4,742.9,762.1,-1.0,97
1058,2016-12-02,24.0,739.5,757.7,-0.4,46
1059,2016-12-03,30.2,738.6,756.4,-1.8,53
1060,2016-12-04,34.6,736.0,753.4,-2.2,30
1061,2016-12-05,30.6,735.6,753.3,0.7,62
1062,2016-12-06,36.2,730.4,747.6,0.4,41
1063,2016-12-07,30.0,729.9,747.5,-1.2,78
1064,2016-12-08,28.2,734.1,751.9,0.9,87
1065,2016-12-09,33.4,734.4,751.9,-0.5,57
1066,2016-12-10,34.4,735.5,752.9,-1.9,34
1067,2016-12-11,25.4,742.0,760.1,-0.3,60
1068,2016-12-12,13.4,742.4,761.3,1.4,97
1069,2016-12-13,22.0,742.1,760.4,-0.1,54
1070,2016-12-14,14.6,744.4,763.3,0.2,80
1071,2016-12-15,12.0,744.2,763.2,1.1,91
1072,2016-12-16,20.2,744.4,762.9,0.0,46
1073,2016-12-17,19.4,743.3,761.8,0.0,62
1074,2016-12-18,10.2,744.9,764.1,1.4,87
1075,2016-12-19,20.0,741.8,760.3,-2.3,53
1076,2016-12-20,13.0,744.1,763.1,1.3,79
1077,2016-12-21,15.0,742.4,761.2,-0.6,68
1078,2016-12-22,24.2,742.5,760.7,-1.7,28
1079,2016-12-23,20.4,743.1,761.6,-0.1,55
1080,2016-12-24,8.6,741.2,760.4,1.3,97
1081,2016-12-25,15.4,741.8,760.6,-0.9,91
1082,2016-12-26,11.0,744.7,763.8,1.6,100
1083,2016-12-27,22.8,743.5,761.8,-1.7,47
1084,2016-12-28,20.6,743.9,762.4,-0.2,54
1085,2016-12-29,21.0,743.2,761.6,-2.1,73
1086,2016-12-30,13.8,745.8,764.8,0.5,93
1087,2016-12-31,18.4,742.9,761.5,-1.6,73
